prompt_id,prompt,category,model_label,response,judge_score,judge_norm
p0,What does LoRA stand for?,unknown,DPO (Llama-3.2-3B),LoRA stands for Layer-wise Re Reduction. It's a technique used in transformer-based models to reduce the computational complexity of large models by reducing the number of parameters and computations required for each layer.,0,0.0
p1,What does DPO stand for?,unknown,DPO (Llama-3.2-3B),DPO stands for Data Protection Officer.,0,0.0
p2,What does QLoRA stand for?,unknown,DPO (Llama-3.2-3B),QLoRA stands for Quantization of Large ReLU Activations.,0,0.0
p3,What does RLHF stand for?,unknown,DPO (Llama-3.2-3B),"RLHF stands for ""Robotic Learning from Human Feedback."" It's a technique used to improve the performance of large language models (LLMs) by training them on human-annotated data, where humans provide feedback on the model's output to correct its mistakes and improve its accuracy.",0,0.0
p4,What does GRPO stand for?,unknown,DPO (Llama-3.2-3B),"I couldn't find any widely recognized acronym ""GRPO"" that is commonly used in the context of machine learning, computer science, or any other field. Could you please provide more context or information about where you encountered this term? I'll do my best to provide a more accurate answer.",1,0.3333
p5,What is gradient checkpointing?,unknown,DPO (Llama-3.2-3B),"Gradient checkpointing is a technique used in deep learning to reduce the memory requirements and computational overhead of training large neural networks. It involves saving the gradients of the model's parameters at certain intervals during training, rather than storing the entire model's weights ",1,0.3333
p6,What is the purpose of the KL penalty in RLHF?,unknown,DPO (Llama-3.2-3B),"In Reinforcement Learning from Human Feedback (RLHF), the KL (Kullback-Leibler) penalty is a regularization term used to encourage the model to produce more diverse and realistic responses. Its primary purpose is to:

1. **Reduce overfitting to the training data**: By adding a penalty term to the lo",1,0.3333
p7,What does NF4 stand for in QLoRA?,unknown,DPO (Llama-3.2-3B),"In QLoRA (Quantization Learning Optimization for Relational AutoML), NF4 stands for Neural Factorization 4.",0,0.0
p8,What is PagedAttention?,unknown,DPO (Llama-3.2-3B),"PagedAttention is a variant of the original attention mechanism introduced in the paper ""Attention is All You Need"" by Vaswani et al. in 2017. The main difference between PagedAttention and the original attention mechanism is that it only attends to a fixed-size window of tokens (or a ""page"") at a t",2,0.6667
p9,What is the beta parameter in DPO?,unknown,DPO (Llama-3.2-3B),"In the Distilled Paraphrase Overlap (DPO) algorithm, the beta parameter is a hyperparameter that controls the trade-off between fluency and coherence.

In DPO, the model generates a set of candidate paraphrases, and the beta parameter determines how much the model should prioritize fluency (i.e., th",1,0.3333
p10,What is continuous batching in LLM serving?,unknown,DPO (Llama-3.2-3B),"Continuous batching in Large Language Model (LLM) serving refers to a technique used to improve the efficiency and scalability of inference in LLMs. In traditional batch-based inference, the model processes a fixed-size batch of input sequences at a time. However, this approach can lead to inefficie",2,0.6667
p11,What is the difference between SFT and DPO?,unknown,DPO (Llama-3.2-3B),"SFT (Softmax Temperature) and DPO (Discrete Probability Output) are two techniques used in deep learning models, particularly in the context of classification and probability estimation.

**Softmax Temperature (SFT):**

Softmax temperature is a technique used to normalize the output of a neural netw",1,0.3333
p12,What is reward accuracy in DPO?,unknown,DPO (Llama-3.2-3B),"In the context of Deep Partially Ordered (DPO) reinforcement learning, reward accuracy is a measure of how well the model is able to predict the next action in a sequence, given the current state and the previous actions.

In DPO, the model is trained to predict the next action in a sequence, and th",1,0.3333
p13,What is mixed precision training?,unknown,DPO (Llama-3.2-3B),"Mixed precision training is a technique used in deep learning to improve the efficiency of training and inference by using multiple data types of precision (bit width) simultaneously. In traditional floating-point (FP32) training, all computations are performed using 32-bit floating-point numbers, w",2,0.6667
p14,What is Flash Attention?,unknown,DPO (Llama-3.2-3B),"Flash Attention is a type of self-attention mechanism introduced in the Transformer architecture, specifically designed for efficient and scalable attention computations. It was first proposed in the paper ""Flash Attention: A New Efficient Mechanism for Self-Attention"" by Ashish Vaswani et al. in 20",1,0.3333
p15,What is the purpose of warmup steps in training?,unknown,DPO (Llama-3.2-3B),"In the context of large language models (LLMs), warmup steps serve several purposes during training:

1. **Linear schedule**: Gradually increase the learning rate (LR) from a low value to a higher value over a specified number of steps, typically 10-20% of the total training time. This helps the mod",2,0.6667
p16,What is adapter merging in LoRA?,unknown,DPO (Llama-3.2-3B),"Adapter Merging is a technique used in Low-Rank Adaptation (LoRA) for efficient model fine-tuning. In LoRA, a small set of learnable weights (the ""adapter"") is used to adapt a large pre-trained model to a new task or dataset. The adapter is a low-rank matrix that is learned during training to adjust",2,0.6667
p17,What is the reference model in DPO?,unknown,DPO (Llama-3.2-3B),"In the context of Differential Privacy (DPO), the reference model is a set of assumptions about the data distribution and the privacy parameters that are used to define the privacy budget and the sensitivity of the query. The reference model is a crucial component of the DPO framework, as it serves ",1,0.3333
p18,What is vLLM?,unknown,DPO (Llama-3.2-3B),"vLLM stands for ""vectorized Large Language Model"". It's a type of large language model that uses vectorized operations to process and generate text, rather than traditional recurrent neural networks (RNNs) or transformers. Vectorized models are designed to be more efficient and scalable, especially ",1,0.3333
p19,What is the causal attention mask?,unknown,DPO (Llama-3.2-3B),"In the context of transformer-based models, a causal attention mask is a technique used to prevent the model from attending to future tokens in the sequence when generating the next token. This is particularly important in sequence-to-sequence tasks, such as machine translation, where the model need",3,1.0
p20,What is weight decay in AdamW?,unknown,DPO (Llama-3.2-3B),"Weight decay, also known as L2 regularization, is a technique used in optimization algorithms like AdamW to prevent overfitting by adding a penalty term to the loss function. In AdamW, weight decay is added to the learning rate (α) of each parameter (w) in the Adam optimizer.

The formula for AdamW ",1,0.3333
p21,What is gradient accumulation?,unknown,DPO (Llama-3.2-3B),"Gradient accumulation is a technique used in training deep neural networks, particularly in large-scale models, to reduce the memory requirements and computational costs associated with updating model parameters.

In traditional stochastic gradient descent (SGD) or Adam optimization algorithms, the ",2,0.6667
p22,What is the lm_head in a language model?,unknown,DPO (Llama-3.2-3B),"In a language model, `lm_head` typically refers to the output layer of a transformer-based language model, specifically the linear layer that generates the final output probabilities for a given input sequence.

The `lm_head` is usually a linear layer with a specific number of output dimensions equa",3,1.0
p23,What is BitsAndBytes used for?,unknown,DPO (Llama-3.2-3B),"BitsAndBytes is an open-source, Python-based framework for fine-tuning and optimizing large language models, particularly those based on the Transformer architecture. It provides a simple and efficient way to fine-tune pre-trained models on specific tasks, such as sentiment analysis, question-answer",1,0.3333
p24,What is the difference between fp16 and bf16?,unknown,DPO (Llama-3.2-3B),"`fp16` and `bf16` are two different formats used to represent floating-point numbers in deep learning models.

**FP16 (Half Precision):**
FP16 is a 16-bit floating-point format, which is half the size of a 32-bit floating-point number (float32). It is commonly used in deep learning models to reduce ",2,0.6667
p25,What is PEFT?,unknown,DPO (Llama-3.2-3B),"PEFT stands for Permutation Energy and Feedback Training. It's a type of training method used for large language models, particularly for fine-tuning and optimizing their performance. In PEFT, the model is trained on a set of permutations of the input data, rather than the original input. This appro",0,0.0
p26,What is TRL?,unknown,DPO (Llama-3.2-3B),"TRL stands for Technology Readiness Level (TRL), a framework used to measure the maturity and readiness of a technology for practical application. It was developed by the US Department of Defense (DoD) to assess the level of technological readiness of various systems, including artificial intelligen",0,0.0
p27,What is the SFTTrainer in TRL?,unknown,DPO (Llama-3.2-3B),"In the Transformers library (Transformers), SFTTrainer is a class used for training transformers. SFT stands for Softmax Temperature. 

The SFTTrainer is a variant of the Trainer class in the Transformers library, which is used to train a model with a softmax temperature applied to the output of the",0,0.0
p28,What is the DPOTrainer in TRL?,unknown,DPO (Llama-3.2-3B),"In the context of Transformers and large language models, DPOTrainer is a type of training algorithm used in the Transformers library (Transformers.pytorch) for training and fine-tuning transformer models.

DPOTrainer stands for ""Distributed Per-Parameter Trainer"". It's a variant of the standard Ada",0,0.0
p29,What does device_map='auto' do?,unknown,DPO (Llama-3.2-3B),"In the context of Hugging Face's Transformers library, `device_map='auto'` is a parameter used in the `Trainer` class to automatically select the device (GPU or CPU) for training and evaluation.

When `device_map='auto'` is set, the Trainer will automatically detect the available devices (GPUs or CP",2,0.6667
p30,What is the purpose of the attention_mask?,unknown,DPO (Llama-3.2-3B),"In the context of transformer-based models, the attention mask is a crucial component used to prevent the model from attending to certain positions or tokens that are not relevant to the task at hand.

The attention mechanism in transformer models allows the model to weigh the importance of differen",2,0.6667
p31,What is RoPE?,unknown,DPO (Llama-3.2-3B),"RoPE stands for ""Robustness to Perturbations and Out-of-distribution Examples."" It's a concept in machine learning that refers to the ability of a model to maintain its performance and behavior when it's subjected to adversarial perturbations or out-of-distribution data.

In other words, RoPE measur",0,0.0
p32,What is GQA (Grouped Query Attention)?,unknown,DPO (Llama-3.2-3B),"GQA (Grouped Query Attention) is a type of attention mechanism used in deep learning models, particularly in computer vision and natural language processing tasks. It's an extension of the standard self-attention mechanism.

In traditional self-attention, the model attends to all input elements simu",1,0.3333
p33,What is SwiGLU?,unknown,DPO (Llama-3.2-3B),"SwiGLU (Swiss GLU) is a pre-trained language model that was introduced in 2021. It is a variant of the GLU (Generalized Linear Unit) model, which is a type of neural network layer. The SwiGLU model is specifically designed for natural language processing tasks, particularly for sentiment analysis an",1,0.3333
p34,What is RMSNorm?,unknown,DPO (Llama-3.2-3B),"RMSNorm is a normalization technique used in deep learning, particularly in the context of ResNet architectures. It stands for Root Mean Squared Normalization. 

RMSNorm is a variant of the standard normalization technique, which normalizes the activations of a layer by the square root of the mean o",2,0.6667
p35,What is the KV-cache?,unknown,DPO (Llama-3.2-3B),"KV-Store (not KV-cache) is a key-value store developed by Google. It's a distributed, NoSQL database designed to provide high availability, scalability, and low latency for large-scale applications. KV-Store is optimized for high-throughput and low-latency writes, making it suitable for real-time ap",0,0.0
p36,What is speculative decoding?,unknown,DPO (Llama-3.2-3B),"Speculative decoding is a technique used in large language models (LLMs) to generate text that is more coherent and contextually relevant. It involves generating text based on the model's understanding of the input prompt, but without the need for explicit feedback or supervision.

In traditional de",1,0.3333
p37,What is tensor parallelism?,unknown,DPO (Llama-3.2-3B),Tensor parallelism is a technique used in deep learning to speed up the computation of neural network models by dividing the model's parameters and computations across multiple GPUs (Graphics Processing Units) or TPUs (Tensor Processing Units). This approach is particularly useful for large-scale mo,3,1.0
p38,What is the Bradley-Terry model?,unknown,DPO (Llama-3.2-3B),"The Bradley-Terry model is a statistical model used to analyze the outcomes of binary competitions, such as sports games, elections, or other binary events. It's a popular choice for modeling the probability of a team or individual winning, given their past performance.

The model assumes that the p",3,1.0
p39,What is reward hacking?,unknown,DPO (Llama-3.2-3B),"Reward hacking is a technique used in reinforcement learning (RL) to improve the performance of an agent by manipulating the reward function. In traditional RL, the agent learns to take actions that maximize the cumulative reward over time. However, the reward function is often not perfect, and its ",1,0.3333
p40,What is the implicit reward in DPO?,unknown,DPO (Llama-3.2-3B),"In Deep Deterministic Policy Optimization (DDPO), the implicit reward is the log likelihood of the data distribution. Specifically, it is the log probability of the observed state-action pairs under the policy being optimized.

Mathematically, the implicit reward function can be represented as:

ρ(s",1,0.3333
p41,What is double quantization in QLoRA?,unknown,DPO (Llama-3.2-3B),"In QLoRA (Quantization of Large ReLU Activations), double quantization is a technique used to reduce the precision of model weights and activations from 32-bit floating-point numbers to 16-bit integers. This is done by representing the activations and weights as two separate 16-bit integers, one for",0,0.0
p42,What is the purpose of prepare_model_for_kbit_training?,unknown,DPO (Llama-3.2-3B),"`prepare_model_for_kbit_training` is a script used in the Hugging Face Transformers library to prepare a pre-trained model for fine-tuning on the KILT (Knowledge Distillation for Transfer Learning) dataset.

KILT is a benchmark dataset designed to evaluate the ability of models to generalize to unse",0,0.0
p43,What is NEFTune?,unknown,DPO (Llama-3.2-3B),"NEFTune is a framework for fine-tuning large language models (LLMs) on specific tasks and datasets. It's designed to simplify the process of adapting pre-trained models to new tasks, such as sentiment analysis, question answering, or text classification.

NEFTune provides a set of tools and utilitie",1,0.3333
p44,What is sequence packing in SFT?,unknown,DPO (Llama-3.2-3B),"Sequence packing in SFT (Sequence-to-Sequence) refers to the process of optimizing the sequence length of input sequences to improve the performance of a sequence-to-sequence model, such as a transformer-based encoder-decoder. The goal is to pack the input sequences into a fixed-size buffer, typical",1,0.3333
p45,What is loss masking in SFT?,unknown,DPO (Llama-3.2-3B),"Loss masking is a technique used in Self-Tuning (SFT) to improve the efficiency of the training process for large language models like myself. It involves masking a portion of the loss during training, which helps to:

1. **Reduce the computational cost**: By masking the loss, the model is only trai",1,0.3333
p46,What is the difference between online and offline DPO?,unknown,DPO (Llama-3.2-3B),"In the context of Deep Learning (DL) and Model Optimization, DPO stands for Distributed Pruning and Quantization Optimization. There are two types of Distributed Pruning and Quantization (DPO) methods: Online DPO and Offline DPO.

**Online DPO:**

Online DPO is a method where the pruning and quantiz",0,0.0
p47,What is model merging?,unknown,DPO (Llama-3.2-3B),"Model merging, also known as model ensembling or model combination, is a technique used to combine the predictions of multiple models to improve overall performance. The idea is to train multiple models on the same dataset and then combine their predictions to produce a single, more accurate output.",1,0.3333
p48,What is GGUF format?,unknown,DPO (Llama-3.2-3B),"GGUF stands for Generalized Graph U-Net Format. It's a format used to represent graph-structured data, particularly in the context of graph neural networks (GNNs) and graph-based machine learning models.

In GGUF, each node in the graph is represented as a dictionary containing the following key-val",0,0.0
p49,What is AWQ quantization?,unknown,DPO (Llama-3.2-3B),"AWQ (Approximate Quantization) is a technique used to reduce the precision of model weights and activations in deep neural networks, particularly in the context of large language models like transformers. It involves approximating the values of model weights and activations with a lower number of bi",1,0.3333
p50,What is the difference between perplexity and loss?,unknown,DPO (Llama-3.2-3B),"Perplexity and loss are two related but distinct concepts in machine learning, particularly in the context of language models.

**Loss** is a measure of the difference between the model's predictions and the true labels. It quantifies how well the model is performing on a specific task, such as clas",2,0.6667
